{
  "chosen_layers": [
    20,
    21,
    22,
    23,
    24
  ],
  "k_high": 8,
  "l0_per_layer": {
    "0": 105,
    "1": 102,
    "10": 77,
    "11": 80,
    "12": 82,
    "13": 84,
    "14": 84,
    "15": 78,
    "16": 78,
    "17": 77,
    "18": 74,
    "19": 73,
    "2": 141,
    "20": 71,
    "21": 70,
    "22": 72,
    "23": 75,
    "24": 73,
    "25": 116,
    "3": 59,
    "4": 124,
    "5": 68,
    "6": 70,
    "7": 69,
    "8": 71,
    "9": 73
  },
  "layer_scores": {
    "0": 0.5107074975967407,
    "1": 0.5605533719062805,
    "10": 0.7994933128356934,
    "11": 0.7865071892738342,
    "12": 0.9440314173698425,
    "13": 0.864655613899231,
    "14": 0.8811804056167603,
    "15": 1.0660016536712646,
    "16": 1.1108036041259766,
    "17": 1.3905479907989502,
    "18": 1.2240803241729736,
    "19": 1.3728348016738892,
    "2": 0.5157877802848816,
    "20": 1.463000774383545,
    "21": 1.5529251098632812,
    "22": 1.531417965888977,
    "23": 1.6113262176513672,
    "24": 1.4467833042144775,
    "25": 0.6742092967033386,
    "3": 0.5877767205238342,
    "4": 0.6168498396873474,
    "5": 0.5863361954689026,
    "6": 0.740027666091919,
    "7": 0.7541012167930603,
    "8": 0.8722683191299438,
    "9": 0.8059994578361511
  },
  "mode": "correct_vs_wrong",
  "n_questions": 30
}