{
  "ablation_drop": 0.8200000000000001,
  "ablation_drop_random": 0.25,
  "ablation_mode": "mean",
  "ablation_n": 100,
  "acc_by_k": {
    "0": 0.7143,
    "1": 0.6714,
    "14": 0.3429,
    "2": 0.5786,
    "4": 0.5857,
    "8": 0.5214
  },
  "collapse_beta": -0.023121164626553368,
  "collapse_beta_p": 2.3586908268865063e-191,
  "cox_hr": 0.0005311561909374617,
  "cox_p": 3.563408878762103e-09,
  "feature_beta": -0.5348525531350062,
  "feature_beta_p": 2.965836801788074e-90,
  "gold_pos_beta": 0.445624180256965,
  "intervention_mode": "feature",
  "k_levels": [
    0,
    1,
    2,
    4,
    8,
    14
  ],
  "n_flipped": 31,
  "n_k0_correct": 100,
  "n_paired": 48,
  "n_questions": 140,
  "n_retrieval_heads": 20,
  "recovery_ci_hi": 0.2903225806451613,
  "recovery_ci_lo": 0.03225806451612903,
  "recovery_frac": 0.16129032258064516,
  "rho_flip_collapse": 0.7312388172430309,
  "rho_flip_collapse_feat": 0.7626178484878297,
  "rho_p": 3.5828152154617865e-09,
  "run1_manifest": {
    "env_hash": "d6e719d32e11ad02",
    "git_sha": "54907d91aaf1ebe3913169194aa32096143bb9b0",
    "schema_version": 2,
    "seed": 0
  },
  "sae_layers": [
    20,
    21,
    22,
    23,
    24
  ]
}